<?xml version="1.0"?>
<doc>
    <assembly>
        <name>Socios_Scenario1</name>
    </assembly>
    <members>
        <member name="T:DotNetNuke.Modules.Socios_Scenario1.Components.FeatureController">
            -----------------------------------------------------------------------------
            <summary>
            The Controller class for Socios_Scenario1
            </summary>
            -----------------------------------------------------------------------------
        </member>
        <member name="M:DotNetNuke.Modules.Socios_Scenario1.Components.FeatureController.ExportModule(System.Int32)">
            -----------------------------------------------------------------------------
            <summary>
            ExportModule implements the IPortable ExportModule Interface
            </summary>
            <param name="ModuleID">The Id of the module to be exported</param>
            -----------------------------------------------------------------------------
        </member>
        <member name="M:DotNetNuke.Modules.Socios_Scenario1.Components.FeatureController.ImportModule(System.Int32,System.String,System.String,System.Int32)">
            -----------------------------------------------------------------------------
            <summary>
            ImportModule implements the IPortable ImportModule Interface
            </summary>
            <param name="ModuleID">The Id of the module to be imported</param>
            <param name="Content">The content to be imported</param>
            <param name="Version">The version of the module to be imported</param>
            <param name="UserId">The Id of the user performing the import</param>
            -----------------------------------------------------------------------------
        </member>
        <member name="M:DotNetNuke.Modules.Socios_Scenario1.Components.FeatureController.GetSearchItems(DotNetNuke.Entities.Modules.ModuleInfo)">
            -----------------------------------------------------------------------------
            <summary>
            GetSearchItems implements the ISearchable Interface
            </summary>
            <param name="ModInfo">The ModuleInfo for the module to be Indexed</param>
            -----------------------------------------------------------------------------
        </member>
        <member name="M:DotNetNuke.Modules.Socios_Scenario1.Components.FeatureController.UpgradeModule(System.String)">
            -----------------------------------------------------------------------------
            <summary>
            UpgradeModule implements the IUpgradeable Interface
            </summary>
            <param name="Version">The current version of the module</param>
            -----------------------------------------------------------------------------
        </member>
        <member name="T:DotNetNuke.Modules.Socios_Scenario1.View">
            -----------------------------------------------------------------------------
            <summary>
            The ViewSocios_Scenario1 class displays the content
            </summary>
            -----------------------------------------------------------------------------
        </member>
        <member name="M:DotNetNuke.Modules.Socios_Scenario1.View.Page_Load(System.Object,System.EventArgs)">
            -----------------------------------------------------------------------------
            <summary>
            Page_Load runs when the control is loaded
            </summary>
            -----------------------------------------------------------------------------
        </member>
        <!-- Badly formed XML comment ignored for member "M:DotNetNuke.Modules.Socios_Scenario1.View.CheckFlexipriceStatus" -->
        <!-- Badly formed XML comment ignored for member "M:DotNetNuke.Modules.Socios_Scenario1.View.CheckFlexiauctionStatus" -->
        <member name="F:DotNetNuke.Modules.Socios_Scenario1.View.main_container">
            <summary>
            main_container control.
            </summary>
            <remarks>
            Auto-generated field.
            To modify move field declaration from designer file to code-behind file.
            </remarks>
        </member>
        <member name="F:DotNetNuke.Modules.Socios_Scenario1.View.updpnl_notification">
            <summary>
            updpnl_notification control.
            </summary>
            <remarks>
            Auto-generated field.
            To modify move field declaration from designer file to code-behind file.
            </remarks>
        </member>
        <member name="F:DotNetNuke.Modules.Socios_Scenario1.View.lbl_Notification">
            <summary>
            lbl_Notification control.
            </summary>
            <remarks>
            Auto-generated field.
            To modify move field declaration from designer file to code-behind file.
            </remarks>
        </member>
        <member name="F:DotNetNuke.Modules.Socios_Scenario1.View.lnkbtn_MenuShowSearchMedia">
            <summary>
            lnkbtn_MenuShowSearchMedia control.
            </summary>
            <remarks>
            Auto-generated field.
            To modify move field declaration from designer file to code-behind file.
            </remarks>
        </member>
        <member name="F:DotNetNuke.Modules.Socios_Scenario1.View.imgMediaSearch">
            <summary>
            imgMediaSearch control.
            </summary>
            <remarks>
            Auto-generated field.
            To modify move field declaration from designer file to code-behind file.
            </remarks>
        </member>
        <member name="F:DotNetNuke.Modules.Socios_Scenario1.View.lnkbtn_MenuShowManageGroups">
            <summary>
            lnkbtn_MenuShowManageGroups control.
            </summary>
            <remarks>
            Auto-generated field.
            To modify move field declaration from designer file to code-behind file.
            </remarks>
        </member>
        <member name="F:DotNetNuke.Modules.Socios_Scenario1.View.imgManageGroups">
            <summary>
            imgManageGroups control.
            </summary>
            <remarks>
            Auto-generated field.
            To modify move field declaration from designer file to code-behind file.
            </remarks>
        </member>
        <member name="F:DotNetNuke.Modules.Socios_Scenario1.View.lnkbtn_MenuShow">
            <summary>
            lnkbtn_MenuShow control.
            </summary>
            <remarks>
            Auto-generated field.
            To modify move field declaration from designer file to code-behind file.
            </remarks>
        </member>
        <member name="F:DotNetNuke.Modules.Socios_Scenario1.View.imgPoolOfContacts">
            <summary>
            imgPoolOfContacts control.
            </summary>
            <remarks>
            Auto-generated field.
            To modify move field declaration from designer file to code-behind file.
            </remarks>
        </member>
        <member name="F:DotNetNuke.Modules.Socios_Scenario1.View.pnlFlexipriceInfo">
            <summary>
            pnlFlexipriceInfo control.
            </summary>
            <remarks>
            Auto-generated field.
            To modify move field declaration from designer file to code-behind file.
            </remarks>
        </member>
        <member name="F:DotNetNuke.Modules.Socios_Scenario1.View.lblDigitalPurseBalance">
            <summary>
            lblDigitalPurseBalance control.
            </summary>
            <remarks>
            Auto-generated field.
            To modify move field declaration from designer file to code-behind file.
            </remarks>
        </member>
        <member name="F:DotNetNuke.Modules.Socios_Scenario1.View.lbl_NoPendingTransactions">
            <summary>
            lbl_NoPendingTransactions control.
            </summary>
            <remarks>
            Auto-generated field.
            To modify move field declaration from designer file to code-behind file.
            </remarks>
        </member>
        <member name="F:DotNetNuke.Modules.Socios_Scenario1.View.lbl_PendingTransactions">
            <summary>
            lbl_PendingTransactions control.
            </summary>
            <remarks>
            Auto-generated field.
            To modify move field declaration from designer file to code-behind file.
            </remarks>
        </member>
        <member name="F:DotNetNuke.Modules.Socios_Scenario1.View.hprlnk_goToFlexiprice">
            <summary>
            hprlnk_goToFlexiprice control.
            </summary>
            <remarks>
            Auto-generated field.
            To modify move field declaration from designer file to code-behind file.
            </remarks>
        </member>
        <member name="F:DotNetNuke.Modules.Socios_Scenario1.View.hprlnk_goToFlexiauction">
            <summary>
            hprlnk_goToFlexiauction control.
            </summary>
            <remarks>
            Auto-generated field.
            To modify move field declaration from designer file to code-behind file.
            </remarks>
        </member>
        <member name="F:DotNetNuke.Modules.Socios_Scenario1.View.lblCurrentMediaSearchTitle">
            <summary>
            lblCurrentMediaSearchTitle control.
            </summary>
            <remarks>
            Auto-generated field.
            To modify move field declaration from designer file to code-behind file.
            </remarks>
        </member>
        <member name="F:DotNetNuke.Modules.Socios_Scenario1.View.lblCurrentTitle">
            <summary>
            lblCurrentTitle control.
            </summary>
            <remarks>
            Auto-generated field.
            To modify move field declaration from designer file to code-behind file.
            </remarks>
        </member>
        <member name="F:DotNetNuke.Modules.Socios_Scenario1.View.pnl_ManageGroups">
            <summary>
            pnl_ManageGroups control.
            </summary>
            <remarks>
            Auto-generated field.
            To modify move field declaration from designer file to code-behind file.
            </remarks>
        </member>
        <member name="F:DotNetNuke.Modules.Socios_Scenario1.View.pnl_IndividualGroupFunctions">
            <summary>
            pnl_IndividualGroupFunctions control.
            </summary>
            <remarks>
            Auto-generated field.
            To modify move field declaration from designer file to code-behind file.
            </remarks>
        </member>
        <member name="F:DotNetNuke.Modules.Socios_Scenario1.View.lnkbtn_BackToAllGroups">
            <summary>
            lnkbtn_BackToAllGroups control.
            </summary>
            <remarks>
            Auto-generated field.
            To modify move field declaration from designer file to code-behind file.
            </remarks>
        </member>
        <member name="F:DotNetNuke.Modules.Socios_Scenario1.View.pnl_AllGroupFunctions">
            <summary>
            pnl_AllGroupFunctions control.
            </summary>
            <remarks>
            Auto-generated field.
            To modify move field declaration from designer file to code-behind file.
            </remarks>
        </member>
        <member name="F:DotNetNuke.Modules.Socios_Scenario1.View.lnkbtn_NewGroup">
            <summary>
            lnkbtn_NewGroup control.
            </summary>
            <remarks>
            Auto-generated field.
            To modify move field declaration from designer file to code-behind file.
            </remarks>
        </member>
        <member name="F:DotNetNuke.Modules.Socios_Scenario1.View.lnkbtn_LoadGroups">
            <summary>
            lnkbtn_LoadGroups control.
            </summary>
            <remarks>
            Auto-generated field.
            To modify move field declaration from designer file to code-behind file.
            </remarks>
        </member>
        <member name="F:DotNetNuke.Modules.Socios_Scenario1.View.pnl_NewGroup">
            <summary>
            pnl_NewGroup control.
            </summary>
            <remarks>
            Auto-generated field.
            To modify move field declaration from designer file to code-behind file.
            </remarks>
        </member>
        <member name="F:DotNetNuke.Modules.Socios_Scenario1.View.txt_NewGroupTitle">
            <summary>
            txt_NewGroupTitle control.
            </summary>
            <remarks>
            Auto-generated field.
            To modify move field declaration from designer file to code-behind file.
            </remarks>
        </member>
        <member name="F:DotNetNuke.Modules.Socios_Scenario1.View.txt_NewGroupDescription">
            <summary>
            txt_NewGroupDescription control.
            </summary>
            <remarks>
            Auto-generated field.
            To modify move field declaration from designer file to code-behind file.
            </remarks>
        </member>
        <member name="F:DotNetNuke.Modules.Socios_Scenario1.View.lnkbtn_AddNewGroup">
            <summary>
            lnkbtn_AddNewGroup control.
            </summary>
            <remarks>
            Auto-generated field.
            To modify move field declaration from designer file to code-behind file.
            </remarks>
        </member>
        <member name="F:DotNetNuke.Modules.Socios_Scenario1.View.lstvw_AllGroups">
            <summary>
            lstvw_AllGroups control.
            </summary>
            <remarks>
            Auto-generated field.
            To modify move field declaration from designer file to code-behind file.
            </remarks>
        </member>
        <member name="F:DotNetNuke.Modules.Socios_Scenario1.View.pnl_MediaSearch">
            <summary>
            pnl_MediaSearch control.
            </summary>
            <remarks>
            Auto-generated field.
            To modify move field declaration from designer file to code-behind file.
            </remarks>
        </member>
        <member name="F:DotNetNuke.Modules.Socios_Scenario1.View.lblAuctionModeInfo">
            <summary>
            lblAuctionModeInfo control.
            </summary>
            <remarks>
            Auto-generated field.
            To modify move field declaration from designer file to code-behind file.
            </remarks>
        </member>
        <member name="F:DotNetNuke.Modules.Socios_Scenario1.View.pnl_SearchPanel">
            <summary>
            pnl_SearchPanel control.
            </summary>
            <remarks>
            Auto-generated field.
            To modify move field declaration from designer file to code-behind file.
            </remarks>
        </member>
        <member name="F:DotNetNuke.Modules.Socios_Scenario1.View.chkbxFacebookSearch">
            <summary>
            chkbxFacebookSearch control.
            </summary>
            <remarks>
            Auto-generated field.
            To modify move field declaration from designer file to code-behind file.
            </remarks>
        </member>
        <member name="F:DotNetNuke.Modules.Socios_Scenario1.View.chkbxFlickRSearch">
            <summary>
            chkbxFlickRSearch control.
            </summary>
            <remarks>
            Auto-generated field.
            To modify move field declaration from designer file to code-behind file.
            </remarks>
        </member>
        <member name="F:DotNetNuke.Modules.Socios_Scenario1.View.chkbxTwitterSearch">
            <summary>
            chkbxTwitterSearch control.
            </summary>
            <remarks>
            Auto-generated field.
            To modify move field declaration from designer file to code-behind file.
            </remarks>
        </member>
        <member name="F:DotNetNuke.Modules.Socios_Scenario1.View.chkbxYouTubeSearch">
            <summary>
            chkbxYouTubeSearch control.
            </summary>
            <remarks>
            Auto-generated field.
            To modify move field declaration from designer file to code-behind file.
            </remarks>
        </member>
        <member name="F:DotNetNuke.Modules.Socios_Scenario1.View.chkbxDailymotionSearch">
            <summary>
            chkbxDailymotionSearch control.
            </summary>
            <remarks>
            Auto-generated field.
            To modify move field declaration from designer file to code-behind file.
            </remarks>
        </member>
        <member name="F:DotNetNuke.Modules.Socios_Scenario1.View.chkbxMySpaceSearch">
            <summary>
            chkbxMySpaceSearch control.
            </summary>
            <remarks>
            Auto-generated field.
            To modify move field declaration from designer file to code-behind file.
            </remarks>
        </member>
        <member name="F:DotNetNuke.Modules.Socios_Scenario1.View.chkbxGooglePlusSearch">
            <summary>
            chkbxGooglePlusSearch control.
            </summary>
            <remarks>
            Auto-generated field.
            To modify move field declaration from designer file to code-behind file.
            </remarks>
        </member>
        <member name="F:DotNetNuke.Modules.Socios_Scenario1.View.chkbxInstagramSearch">
            <summary>
            chkbxInstagramSearch control.
            </summary>
            <remarks>
            Auto-generated field.
            To modify move field declaration from designer file to code-behind file.
            </remarks>
        </member>
        <member name="F:DotNetNuke.Modules.Socios_Scenario1.View.rdbtnAllLicenses">
            <summary>
            rdbtnAllLicenses control.
            </summary>
            <remarks>
            Auto-generated field.
            To modify move field declaration from designer file to code-behind file.
            </remarks>
        </member>
        <member name="F:DotNetNuke.Modules.Socios_Scenario1.View.rdbtnCcLicense">
            <summary>
            rdbtnCcLicense control.
            </summary>
            <remarks>
            Auto-generated field.
            To modify move field declaration from designer file to code-behind file.
            </remarks>
        </member>
        <member name="F:DotNetNuke.Modules.Socios_Scenario1.View.pnlItemSelectionModeTop">
            <summary>
            pnlItemSelectionModeTop control.
            </summary>
            <remarks>
            Auto-generated field.
            To modify move field declaration from designer file to code-behind file.
            </remarks>
        </member>
        <member name="F:DotNetNuke.Modules.Socios_Scenario1.View.UpdatePanel1">
            <summary>
            UpdatePanel1 control.
            </summary>
            <remarks>
            Auto-generated field.
            To modify move field declaration from designer file to code-behind file.
            </remarks>
        </member>
        <member name="F:DotNetNuke.Modules.Socios_Scenario1.View.btnGetUsersItems">
            <summary>
            btnGetUsersItems control.
            </summary>
            <remarks>
            Auto-generated field.
            To modify move field declaration from designer file to code-behind file.
            </remarks>
        </member>
        <member name="F:DotNetNuke.Modules.Socios_Scenario1.View.txtSearch">
            <summary>
            txtSearch control.
            </summary>
            <remarks>
            Auto-generated field.
            To modify move field declaration from designer file to code-behind file.
            </remarks>
        </member>
        <member name="F:DotNetNuke.Modules.Socios_Scenario1.View.updpnl_searchButton">
            <summary>
            updpnl_searchButton control.
            </summary>
            <remarks>
            Auto-generated field.
            To modify move field declaration from designer file to code-behind file.
            </remarks>
        </member>
        <member name="F:DotNetNuke.Modules.Socios_Scenario1.View.btnSearch">
            <summary>
            btnSearch control.
            </summary>
            <remarks>
            Auto-generated field.
            To modify move field declaration from designer file to code-behind file.
            </remarks>
        </member>
        <member name="F:DotNetNuke.Modules.Socios_Scenario1.View.pnlOnlyRecommended">
            <summary>
            pnlOnlyRecommended control.
            </summary>
            <remarks>
            Auto-generated field.
            To modify move field declaration from designer file to code-behind file.
            </remarks>
        </member>
        <member name="F:DotNetNuke.Modules.Socios_Scenario1.View.chkbx_OnlyRecommended">
            <summary>
            chkbx_OnlyRecommended control.
            </summary>
            <remarks>
            Auto-generated field.
            To modify move field declaration from designer file to code-behind file.
            </remarks>
        </member>
        <member name="F:DotNetNuke.Modules.Socios_Scenario1.View.txtUserId">
            <summary>
            txtUserId control.
            </summary>
            <remarks>
            Auto-generated field.
            To modify move field declaration from designer file to code-behind file.
            </remarks>
        </member>
        <member name="F:DotNetNuke.Modules.Socios_Scenario1.View.updpnl_FindMediaItemsErrors">
            <summary>
            updpnl_FindMediaItemsErrors control.
            </summary>
            <remarks>
            Auto-generated field.
            To modify move field declaration from designer file to code-behind file.
            </remarks>
        </member>
        <member name="F:DotNetNuke.Modules.Socios_Scenario1.View.pnl_FindMediaItemsError">
            <summary>
            pnl_FindMediaItemsError control.
            </summary>
            <remarks>
            Auto-generated field.
            To modify move field declaration from designer file to code-behind file.
            </remarks>
        </member>
        <member name="F:DotNetNuke.Modules.Socios_Scenario1.View.lbl_FindMediaItemsError">
            <summary>
            lbl_FindMediaItemsError control.
            </summary>
            <remarks>
            Auto-generated field.
            To modify move field declaration from designer file to code-behind file.
            </remarks>
        </member>
        <member name="F:DotNetNuke.Modules.Socios_Scenario1.View.pnl_GroupDetails">
            <summary>
            pnl_GroupDetails control.
            </summary>
            <remarks>
            Auto-generated field.
            To modify move field declaration from designer file to code-behind file.
            </remarks>
        </member>
        <member name="F:DotNetNuke.Modules.Socios_Scenario1.View.lbl_GroupTitle">
            <summary>
            lbl_GroupTitle control.
            </summary>
            <remarks>
            Auto-generated field.
            To modify move field declaration from designer file to code-behind file.
            </remarks>
        </member>
        <member name="F:DotNetNuke.Modules.Socios_Scenario1.View.pnlFilterByUser">
            <summary>
            pnlFilterByUser control.
            </summary>
            <remarks>
            Auto-generated field.
            To modify move field declaration from designer file to code-behind file.
            </remarks>
        </member>
        <member name="F:DotNetNuke.Modules.Socios_Scenario1.View.lstvw_AllPeopleInGroup">
            <summary>
            lstvw_AllPeopleInGroup control.
            </summary>
            <remarks>
            Auto-generated field.
            To modify move field declaration from designer file to code-behind file.
            </remarks>
        </member>
        <member name="F:DotNetNuke.Modules.Socios_Scenario1.View.pnlFilterByEvent">
            <summary>
            pnlFilterByEvent control.
            </summary>
            <remarks>
            Auto-generated field.
            To modify move field declaration from designer file to code-behind file.
            </remarks>
        </member>
        <member name="F:DotNetNuke.Modules.Socios_Scenario1.View.lstvw_AllGroupEvents">
            <summary>
            lstvw_AllGroupEvents control.
            </summary>
            <remarks>
            Auto-generated field.
            To modify move field declaration from designer file to code-behind file.
            </remarks>
        </member>
        <member name="F:DotNetNuke.Modules.Socios_Scenario1.View.pnlFilterBySource">
            <summary>
            pnlFilterBySource control.
            </summary>
            <remarks>
            Auto-generated field.
            To modify move field declaration from designer file to code-behind file.
            </remarks>
        </member>
        <member name="F:DotNetNuke.Modules.Socios_Scenario1.View.UpdatePanel5">
            <summary>
            UpdatePanel5 control.
            </summary>
            <remarks>
            Auto-generated field.
            To modify move field declaration from designer file to code-behind file.
            </remarks>
        </member>
        <member name="F:DotNetNuke.Modules.Socios_Scenario1.View.treevw_AllSocialNetworks">
            <summary>
            treevw_AllSocialNetworks control.
            </summary>
            <remarks>
            Auto-generated field.
            To modify move field declaration from designer file to code-behind file.
            </remarks>
        </member>
        <member name="F:DotNetNuke.Modules.Socios_Scenario1.View.pnlSearchHistory">
            <summary>
            pnlSearchHistory control.
            </summary>
            <remarks>
            Auto-generated field.
            To modify move field declaration from designer file to code-behind file.
            </remarks>
        </member>
        <member name="F:DotNetNuke.Modules.Socios_Scenario1.View.updtpnlSearchHistory">
            <summary>
            updtpnlSearchHistory control.
            </summary>
            <remarks>
            Auto-generated field.
            To modify move field declaration from designer file to code-behind file.
            </remarks>
        </member>
        <member name="F:DotNetNuke.Modules.Socios_Scenario1.View.dnnlstvw_SearchHistory">
            <summary>
            dnnlstvw_SearchHistory control.
            </summary>
            <remarks>
            Auto-generated field.
            To modify move field declaration from designer file to code-behind file.
            </remarks>
        </member>
        <member name="F:DotNetNuke.Modules.Socios_Scenario1.View.pnlMediaItemCart">
            <summary>
            pnlMediaItemCart control.
            </summary>
            <remarks>
            Auto-generated field.
            To modify move field declaration from designer file to code-behind file.
            </remarks>
        </member>
        <member name="F:DotNetNuke.Modules.Socios_Scenario1.View.updpnl_MediaItemsCart">
            <summary>
            updpnl_MediaItemsCart control.
            </summary>
            <remarks>
            Auto-generated field.
            To modify move field declaration from designer file to code-behind file.
            </remarks>
        </member>
        <member name="F:DotNetNuke.Modules.Socios_Scenario1.View.lstvwMediaItemsCart">
            <summary>
            lstvwMediaItemsCart control.
            </summary>
            <remarks>
            Auto-generated field.
            To modify move field declaration from designer file to code-behind file.
            </remarks>
        </member>
        <member name="F:DotNetNuke.Modules.Socios_Scenario1.View.btnConfirmMediaItemSelection">
            <summary>
            btnConfirmMediaItemSelection control.
            </summary>
            <remarks>
            Auto-generated field.
            To modify move field declaration from designer file to code-behind file.
            </remarks>
        </member>
        <member name="F:DotNetNuke.Modules.Socios_Scenario1.View.updtpnlSearchMedia">
            <summary>
            updtpnlSearchMedia control.
            </summary>
            <remarks>
            Auto-generated field.
            To modify move field declaration from designer file to code-behind file.
            </remarks>
        </member>
        <member name="F:DotNetNuke.Modules.Socios_Scenario1.View.ddlSortResults">
            <summary>
            ddlSortResults control.
            </summary>
            <remarks>
            Auto-generated field.
            To modify move field declaration from designer file to code-behind file.
            </remarks>
        </member>
        <member name="F:DotNetNuke.Modules.Socios_Scenario1.View.pnlBeforeFirstSearch">
            <summary>
            pnlBeforeFirstSearch control.
            </summary>
            <remarks>
            Auto-generated field.
            To modify move field declaration from designer file to code-behind file.
            </remarks>
        </member>
        <member name="F:DotNetNuke.Modules.Socios_Scenario1.View.pnlLoadingMediaItems">
            <summary>
            pnlLoadingMediaItems control.
            </summary>
            <remarks>
            Auto-generated field.
            To modify move field declaration from designer file to code-behind file.
            </remarks>
        </member>
        <member name="F:DotNetNuke.Modules.Socios_Scenario1.View.radlstvwMediaItems">
            <summary>
            radlstvwMediaItems control.
            </summary>
            <remarks>
            Auto-generated field.
            To modify move field declaration from designer file to code-behind file.
            </remarks>
        </member>
        <member name="F:DotNetNuke.Modules.Socios_Scenario1.View.widg_lstvwMediaItems">
            <summary>
            widg_lstvwMediaItems control.
            </summary>
            <remarks>
            Auto-generated field.
            To modify move field declaration from designer file to code-behind file.
            </remarks>
        </member>
        <member name="F:DotNetNuke.Modules.Socios_Scenario1.View.pnl_PoolOfContacts">
            <summary>
            pnl_PoolOfContacts control.
            </summary>
            <remarks>
            Auto-generated field.
            To modify move field declaration from designer file to code-behind file.
            </remarks>
        </member>
        <member name="F:DotNetNuke.Modules.Socios_Scenario1.View.lblSnsIdsAvailable">
            <summary>
            lblSnsIdsAvailable control.
            </summary>
            <remarks>
            Auto-generated field.
            To modify move field declaration from designer file to code-behind file.
            </remarks>
        </member>
        <member name="F:DotNetNuke.Modules.Socios_Scenario1.View.pnlNoSnIdsAvailable">
            <summary>
            pnlNoSnIdsAvailable control.
            </summary>
            <remarks>
            Auto-generated field.
            To modify move field declaration from designer file to code-behind file.
            </remarks>
        </member>
        <member name="F:DotNetNuke.Modules.Socios_Scenario1.View.lblNoSnIdsAvailable">
            <summary>
            lblNoSnIdsAvailable control.
            </summary>
            <remarks>
            Auto-generated field.
            To modify move field declaration from designer file to code-behind file.
            </remarks>
        </member>
        <member name="F:DotNetNuke.Modules.Socios_Scenario1.View.lnbtn_GetDailymotionConnnectedPeople">
            <summary>
            lnbtn_GetDailymotionConnnectedPeople control.
            </summary>
            <remarks>
            Auto-generated field.
            To modify move field declaration from designer file to code-behind file.
            </remarks>
        </member>
        <member name="F:DotNetNuke.Modules.Socios_Scenario1.View.lnbtn_GetFlickrConnnectedPeople">
            <summary>
            lnbtn_GetFlickrConnnectedPeople control.
            </summary>
            <remarks>
            Auto-generated field.
            To modify move field declaration from designer file to code-behind file.
            </remarks>
        </member>
        <member name="F:DotNetNuke.Modules.Socios_Scenario1.View.lnbtn_GetYoutubeConnnectedPeople">
            <summary>
            lnbtn_GetYoutubeConnnectedPeople control.
            </summary>
            <remarks>
            Auto-generated field.
            To modify move field declaration from designer file to code-behind file.
            </remarks>
        </member>
        <member name="F:DotNetNuke.Modules.Socios_Scenario1.View.lnbtn_GetTwitterConnnectedPeople">
            <summary>
            lnbtn_GetTwitterConnnectedPeople control.
            </summary>
            <remarks>
            Auto-generated field.
            To modify move field declaration from designer file to code-behind file.
            </remarks>
        </member>
        <member name="F:DotNetNuke.Modules.Socios_Scenario1.View.lnbtn_GetMyspaceConnnectedPeople">
            <summary>
            lnbtn_GetMyspaceConnnectedPeople control.
            </summary>
            <remarks>
            Auto-generated field.
            To modify move field declaration from designer file to code-behind file.
            </remarks>
        </member>
        <member name="F:DotNetNuke.Modules.Socios_Scenario1.View.lnbtn_GetFacebookConnnectedPeople">
            <summary>
            lnbtn_GetFacebookConnnectedPeople control.
            </summary>
            <remarks>
            Auto-generated field.
            To modify move field declaration from designer file to code-behind file.
            </remarks>
        </member>
        <member name="F:DotNetNuke.Modules.Socios_Scenario1.View.cbbx_ConnectedPersons">
            <summary>
            cbbx_ConnectedPersons control.
            </summary>
            <remarks>
            Auto-generated field.
            To modify move field declaration from designer file to code-behind file.
            </remarks>
        </member>
        <member name="F:DotNetNuke.Modules.Socios_Scenario1.View.radlstvwConnectedPersons">
            <summary>
            radlstvwConnectedPersons control.
            </summary>
            <remarks>
            Auto-generated field.
            To modify move field declaration from designer file to code-behind file.
            </remarks>
        </member>
        <member name="F:DotNetNuke.Modules.Socios_Scenario1.View.Button1">
            <summary>
            Button1 control.
            </summary>
            <remarks>
            Auto-generated field.
            To modify move field declaration from designer file to code-behind file.
            </remarks>
        </member>
        <member name="F:DotNetNuke.Modules.Socios_Scenario1.View.Button2">
            <summary>
            Button2 control.
            </summary>
            <remarks>
            Auto-generated field.
            To modify move field declaration from designer file to code-behind file.
            </remarks>
        </member>
        <member name="F:DotNetNuke.Modules.Socios_Scenario1.View.hdnfld_AddPersonId">
            <summary>
            hdnfld_AddPersonId control.
            </summary>
            <remarks>
            Auto-generated field.
            To modify move field declaration from designer file to code-behind file.
            </remarks>
        </member>
        <member name="F:DotNetNuke.Modules.Socios_Scenario1.View.hdnfld_AddPersonSource">
            <summary>
            hdnfld_AddPersonSource control.
            </summary>
            <remarks>
            Auto-generated field.
            To modify move field declaration from designer file to code-behind file.
            </remarks>
        </member>
        <member name="F:DotNetNuke.Modules.Socios_Scenario1.View.hdnfld_AddPersonName">
            <summary>
            hdnfld_AddPersonName control.
            </summary>
            <remarks>
            Auto-generated field.
            To modify move field declaration from designer file to code-behind file.
            </remarks>
        </member>
        <member name="F:DotNetNuke.Modules.Socios_Scenario1.View.ddlAllGroups">
            <summary>
            ddlAllGroups control.
            </summary>
            <remarks>
            Auto-generated field.
            To modify move field declaration from designer file to code-behind file.
            </remarks>
        </member>
        <member name="F:DotNetNuke.Modules.Socios_Scenario1.View.btn_AddPersonToGroup">
            <summary>
            btn_AddPersonToGroup control.
            </summary>
            <remarks>
            Auto-generated field.
            To modify move field declaration from designer file to code-behind file.
            </remarks>
        </member>
        <member name="F:DotNetNuke.Modules.Socios_Scenario1.View.Label1">
            <summary>
            Label1 control.
            </summary>
            <remarks>
            Auto-generated field.
            To modify move field declaration from designer file to code-behind file.
            </remarks>
        </member>
        <member name="F:DotNetNuke.Modules.Socios_Scenario1.View.txt_AddUser_CreateGroupName">
            <summary>
            txt_AddUser_CreateGroupName control.
            </summary>
            <remarks>
            Auto-generated field.
            To modify move field declaration from designer file to code-behind file.
            </remarks>
        </member>
        <member name="F:DotNetNuke.Modules.Socios_Scenario1.View.txt_AddUser_CreateGroupDescription">
            <summary>
            txt_AddUser_CreateGroupDescription control.
            </summary>
            <remarks>
            Auto-generated field.
            To modify move field declaration from designer file to code-behind file.
            </remarks>
        </member>
        <member name="F:DotNetNuke.Modules.Socios_Scenario1.View.btn_AddPersonToNewGroup">
            <summary>
            btn_AddPersonToNewGroup control.
            </summary>
            <remarks>
            Auto-generated field.
            To modify move field declaration from designer file to code-behind file.
            </remarks>
        </member>
        <member name="F:DotNetNuke.Modules.Socios_Scenario1.View.DropDownList2">
            <summary>
            DropDownList2 control.
            </summary>
            <remarks>
            Auto-generated field.
            To modify move field declaration from designer file to code-behind file.
            </remarks>
        </member>
        <member name="F:DotNetNuke.Modules.Socios_Scenario1.View.Button4">
            <summary>
            Button4 control.
            </summary>
            <remarks>
            Auto-generated field.
            To modify move field declaration from designer file to code-behind file.
            </remarks>
        </member>
        <member name="F:DotNetNuke.Modules.Socios_Scenario1.View.Label2">
            <summary>
            Label2 control.
            </summary>
            <remarks>
            Auto-generated field.
            To modify move field declaration from designer file to code-behind file.
            </remarks>
        </member>
        <member name="F:DotNetNuke.Modules.Socios_Scenario1.View.txtConsentFrom">
            <summary>
            txtConsentFrom control.
            </summary>
            <remarks>
            Auto-generated field.
            To modify move field declaration from designer file to code-behind file.
            </remarks>
        </member>
        <member name="F:DotNetNuke.Modules.Socios_Scenario1.View.Label3">
            <summary>
            Label3 control.
            </summary>
            <remarks>
            Auto-generated field.
            To modify move field declaration from designer file to code-behind file.
            </remarks>
        </member>
        <member name="F:DotNetNuke.Modules.Socios_Scenario1.View.txtConsentTo">
            <summary>
            txtConsentTo control.
            </summary>
            <remarks>
            Auto-generated field.
            To modify move field declaration from designer file to code-behind file.
            </remarks>
        </member>
        <member name="F:DotNetNuke.Modules.Socios_Scenario1.View.Label4">
            <summary>
            Label4 control.
            </summary>
            <remarks>
            Auto-generated field.
            To modify move field declaration from designer file to code-behind file.
            </remarks>
        </member>
        <member name="F:DotNetNuke.Modules.Socios_Scenario1.View.TextBox5">
            <summary>
            TextBox5 control.
            </summary>
            <remarks>
            Auto-generated field.
            To modify move field declaration from designer file to code-behind file.
            </remarks>
        </member>
        <member name="F:DotNetNuke.Modules.Socios_Scenario1.View.txtConsentFormText">
            <summary>
            txtConsentFormText control.
            </summary>
            <remarks>
            Auto-generated field.
            To modify move field declaration from designer file to code-behind file.
            </remarks>
        </member>
        <member name="F:DotNetNuke.Modules.Socios_Scenario1.View.Button6">
            <summary>
            Button6 control.
            </summary>
            <remarks>
            Auto-generated field.
            To modify move field declaration from designer file to code-behind file.
            </remarks>
        </member>
        <member name="F:DotNetNuke.Modules.Socios_Scenario1.View.TextBox6">
            <summary>
            TextBox6 control.
            </summary>
            <remarks>
            Auto-generated field.
            To modify move field declaration from designer file to code-behind file.
            </remarks>
        </member>
        <member name="F:DotNetNuke.Modules.Socios_Scenario1.View.TextBox7">
            <summary>
            TextBox7 control.
            </summary>
            <remarks>
            Auto-generated field.
            To modify move field declaration from designer file to code-behind file.
            </remarks>
        </member>
        <member name="F:DotNetNuke.Modules.Socios_Scenario1.View.ListView1">
            <summary>
            ListView1 control.
            </summary>
            <remarks>
            Auto-generated field.
            To modify move field declaration from designer file to code-behind file.
            </remarks>
        </member>
        <member name="F:DotNetNuke.Modules.Socios_Scenario1.View.sqldtsrc_GetGroupActivitiesItemsCache">
            <summary>
            sqldtsrc_GetGroupActivitiesItemsCache control.
            </summary>
            <remarks>
            Auto-generated field.
            To modify move field declaration from designer file to code-behind file.
            </remarks>
        </member>
        <member name="F:DotNetNuke.Modules.Socios_Scenario1.View.sqldtsrc_GetGroupEventsItemsCache">
            <summary>
            sqldtsrc_GetGroupEventsItemsCache control.
            </summary>
            <remarks>
            Auto-generated field.
            To modify move field declaration from designer file to code-behind file.
            </remarks>
        </member>
        <member name="F:DotNetNuke.Modules.Socios_Scenario1.View.sqldtsrc_FindMediaItemsCache">
            <summary>
            sqldtsrc_FindMediaItemsCache control.
            </summary>
            <remarks>
            Auto-generated field.
            To modify move field declaration from designer file to code-behind file.
            </remarks>
        </member>
        <member name="F:DotNetNuke.Modules.Socios_Scenario1.View.sqldtsrc_ConnectedPersonsCache">
            <summary>
            sqldtsrc_ConnectedPersonsCache control.
            </summary>
            <remarks>
            Auto-generated field.
            To modify move field declaration from designer file to code-behind file.
            </remarks>
        </member>
        <member name="F:DotNetNuke.Modules.Socios_Scenario1.View.sqldtsrc_AllSocialNetworks">
            <summary>
            sqldtsrc_AllSocialNetworks control.
            </summary>
            <remarks>
            Auto-generated field.
            To modify move field declaration from designer file to code-behind file.
            </remarks>
        </member>
        <member name="F:DotNetNuke.Modules.Socios_Scenario1.View.sqldtsrc_ConnectedPersonCache">
            <summary>
            sqldtsrc_ConnectedPersonCache control.
            </summary>
            <remarks>
            Auto-generated field.
            To modify move field declaration from designer file to code-behind file.
            </remarks>
        </member>
        <member name="F:DotNetNuke.Modules.Socios_Scenario1.View.hdnfld_singleConnectedPersonUsername">
            <summary>
            hdnfld_singleConnectedPersonUsername control.
            </summary>
            <remarks>
            Auto-generated field.
            To modify move field declaration from designer file to code-behind file.
            </remarks>
        </member>
        <member name="F:DotNetNuke.Modules.Socios_Scenario1.View.RadFormDecorator1">
            <summary>
            RadFormDecorator1 control.
            </summary>
            <remarks>
            Auto-generated field.
            To modify move field declaration from designer file to code-behind file.
            </remarks>
        </member>
        <member name="F:DotNetNuke.Modules.Socios_Scenario1.View.sqldtsrc_SelectedMediaItems">
            <summary>
            sqldtsrc_SelectedMediaItems control.
            </summary>
            <remarks>
            Auto-generated field.
            To modify move field declaration from designer file to code-behind file.
            </remarks>
        </member>
        <member name="F:DotNetNuke.Modules.Socios_Scenario1.View.sqldtsrc_SearchMediaItemsHistory">
            <summary>
            sqldtsrc_SearchMediaItemsHistory control.
            </summary>
            <remarks>
            Auto-generated field.
            To modify move field declaration from designer file to code-behind file.
            </remarks>
        </member>
        <member name="F:DotNetNuke.Modules.Socios_Scenario1.View.updpnlErrorLog">
            <summary>
            updpnlErrorLog control.
            </summary>
            <remarks>
            Auto-generated field.
            To modify move field declaration from designer file to code-behind file.
            </remarks>
        </member>
        <member name="F:DotNetNuke.Modules.Socios_Scenario1.View.lblErrorLog">
            <summary>
            lblErrorLog control.
            </summary>
            <remarks>
            Auto-generated field.
            To modify move field declaration from designer file to code-behind file.
            </remarks>
        </member>
        <member name="T:DotNetNuke.Modules.Socios_Scenario1.Data.DataProvider">
            -----------------------------------------------------------------------------
            <summary>
            An abstract class for the data access layer
            </summary>
            -----------------------------------------------------------------------------
        </member>
        <member name="T:DotNetNuke.Modules.Socios_Scenario1.Settings">
            -----------------------------------------------------------------------------
            <summary>
            The Settings class manages Module Settings
            </summary>
            -----------------------------------------------------------------------------
            <summary>
            Settings class.
            </summary>
            <remarks>
            Auto-generated class.
            </remarks>
        </member>
        <member name="M:DotNetNuke.Modules.Socios_Scenario1.Settings.LoadSettings">
            -----------------------------------------------------------------------------
            <summary>
            LoadSettings loads the settings from the Database and displays them
            </summary>
            -----------------------------------------------------------------------------
        </member>
        <member name="M:DotNetNuke.Modules.Socios_Scenario1.Settings.UpdateSettings">
            -----------------------------------------------------------------------------
            <summary>
            UpdateSettings saves the modified settings to the Database
            </summary>
            -----------------------------------------------------------------------------
        </member>
        <member name="T:DotNetNuke.Modules.Socios_Scenario1.Data.SqlDataProvider">
            -----------------------------------------------------------------------------
            <summary>
            SQL Server implementation of the abstract DataProvider class
            </summary>
            -----------------------------------------------------------------------------
        </member>
        <member name="T:DotNetNuke.Modules.Socios_Scenario1.Edit">
            <summary>
            EditSocios_Scenario1 class.
            </summary>
            <remarks>
            Auto-generated class.
            </remarks>
            -----------------------------------------------------------------------------
            <summary>
            The EditSocios_Scenario1 class is used to manage content
            </summary>
            -----------------------------------------------------------------------------
        </member>
        <member name="M:DotNetNuke.Modules.Socios_Scenario1.Edit.Page_Load(System.Object,System.EventArgs)">
            -----------------------------------------------------------------------------
            <summary>
            Page_Load runs when the control is loaded
            </summary>
            -----------------------------------------------------------------------------
        </member>
    </members>
</doc>
