<?xml version="1.0" encoding="UTF-8"?><?xml-stylesheet type='text/xsl' href='_UpgradeReport_Files/UpgradeReport.xslt'?><UpgradeLog>
<Properties><Property Name="Solution" Value="Socios_MediaSearch">
</Property><Property Name="Solution File" Value="C:\inetpub\wwwroot\Socios_Frontend\DesktopModules\Socios_MediaSearch\Socios_MediaSearch.sln">
</Property><Property Name="User Options File" Value="C:\inetpub\wwwroot\Socios_Frontend\DesktopModules\Socios_MediaSearch\Socios_MediaSearch.suo">
</Property><Property Name="Date" Value="Τρίτη, 22 Μαρτίου 2011">
</Property><Property Name="Time" Value="17:38 μμ">
</Property></Properties><Event ErrorLevel="0" Project="" Source="Socios_MediaSearch.sln" Description="File successfully backed up as C:\inetpub\wwwroot\Socios_Frontend\DesktopModules\Socios_MediaSearch\Backup\Socios_MediaSearch.sln">
</Event><Event ErrorLevel="0" Project="" Source="Socios_MediaSearch.suo" Description="File successfully backed up as C:\inetpub\wwwroot\Socios_Frontend\DesktopModules\Socios_MediaSearch\Backup\Socios_MediaSearch.suo">
</Event><Event ErrorLevel="0" Project="Socios_MediaSearch" Source="Socios_MediaSearch.csproj" Description="Project file successfully backed up as C:\inetpub\wwwroot\Socios_Frontend\DesktopModules\Socios_MediaSearch\Backup\Socios_MediaSearch.csproj">
</Event><Event ErrorLevel="0" Project="Socios_MediaSearch" Source="Socios_MediaSearch.csproj.user" Description="Project user file successfully backed up as C:\inetpub\wwwroot\Socios_Frontend\DesktopModules\Socios_MediaSearch\Backup\Socios_MediaSearch.csproj.user">
</Event><Event ErrorLevel="0" Project="Socios_MediaSearch" Source="Components\FeatureController.cs" Description="File successfully backed up as C:\inetpub\wwwroot\Socios_Frontend\DesktopModules\Socios_MediaSearch\Backup\Components\FeatureController.cs">
</Event><Event ErrorLevel="0" Project="Socios_MediaSearch" Source="Data\DataProvider.cs" Description="File successfully backed up as C:\inetpub\wwwroot\Socios_Frontend\DesktopModules\Socios_MediaSearch\Backup\Data\DataProvider.cs">
</Event><Event ErrorLevel="0" Project="Socios_MediaSearch" Source="Properties\AssemblyInfo.cs" Description="File successfully backed up as C:\inetpub\wwwroot\Socios_Frontend\DesktopModules\Socios_MediaSearch\Backup\Properties\AssemblyInfo.cs">
</Event><Event ErrorLevel="0" Project="Socios_MediaSearch" Source="Providers\DataProviders\SqlDataProvider\SqlDataProvider.cs" Description="File successfully backed up as C:\inetpub\wwwroot\Socios_Frontend\DesktopModules\Socios_MediaSearch\Backup\Providers\DataProviders\SqlDataProvider\SqlDataProvider.cs">
</Event><Event ErrorLevel="0" Project="Socios_MediaSearch" Source="Edit.ascx.designer.cs" Description="File successfully backed up as C:\inetpub\wwwroot\Socios_Frontend\DesktopModules\Socios_MediaSearch\Backup\Edit.ascx.designer.cs">
</Event><Event ErrorLevel="0" Project="Socios_MediaSearch" Source="Edit.ascx.cs" Description="File successfully backed up as C:\inetpub\wwwroot\Socios_Frontend\DesktopModules\Socios_MediaSearch\Backup\Edit.ascx.cs">
</Event><Event ErrorLevel="0" Project="Socios_MediaSearch" Source="Settings.ascx.designer.cs" Description="File successfully backed up as C:\inetpub\wwwroot\Socios_Frontend\DesktopModules\Socios_MediaSearch\Backup\Settings.ascx.designer.cs">
</Event><Event ErrorLevel="0" Project="Socios_MediaSearch" Source="Settings.ascx.cs" Description="File successfully backed up as C:\inetpub\wwwroot\Socios_Frontend\DesktopModules\Socios_MediaSearch\Backup\Settings.ascx.cs">
</Event><Event ErrorLevel="0" Project="Socios_MediaSearch" Source="Socios_MediaSearchSettingsBase.cs" Description="File successfully backed up as C:\inetpub\wwwroot\Socios_Frontend\DesktopModules\Socios_MediaSearch\Backup\Socios_MediaSearchSettingsBase.cs">
</Event><Event ErrorLevel="0" Project="Socios_MediaSearch" Source="View.ascx.designer.cs" Description="File successfully backed up as C:\inetpub\wwwroot\Socios_Frontend\DesktopModules\Socios_MediaSearch\Backup\View.ascx.designer.cs">
</Event><Event ErrorLevel="0" Project="Socios_MediaSearch" Source="View.ascx.cs" Description="File successfully backed up as C:\inetpub\wwwroot\Socios_Frontend\DesktopModules\Socios_MediaSearch\Backup\View.ascx.cs">
</Event><Event ErrorLevel="0" Project="Socios_MediaSearch" Source="Socios_MediaSearchModuleBase.cs" Description="File successfully backed up as C:\inetpub\wwwroot\Socios_Frontend\DesktopModules\Socios_MediaSearch\Backup\Socios_MediaSearchModuleBase.cs">
</Event><Event ErrorLevel="0" Project="Socios_MediaSearch" Source="App_LocalResources\Edit.ascx.resx" Description="File successfully backed up as C:\inetpub\wwwroot\Socios_Frontend\DesktopModules\Socios_MediaSearch\Backup\App_LocalResources\Edit.ascx.resx">
</Event><Event ErrorLevel="0" Project="Socios_MediaSearch" Source="App_LocalResources\Settings.ascx.resx" Description="File successfully backed up as C:\inetpub\wwwroot\Socios_Frontend\DesktopModules\Socios_MediaSearch\Backup\App_LocalResources\Settings.ascx.resx">
</Event><Event ErrorLevel="0" Project="Socios_MediaSearch" Source="App_LocalResources\View.ascx.resx" Description="File successfully backed up as C:\inetpub\wwwroot\Socios_Frontend\DesktopModules\Socios_MediaSearch\Backup\App_LocalResources\View.ascx.resx">
</Event><Event ErrorLevel="0" Project="Socios_MediaSearch" Source="BuildScripts\ModulePackage.targets" Description="File successfully backed up as C:\inetpub\wwwroot\Socios_Frontend\DesktopModules\Socios_MediaSearch\Backup\BuildScripts\ModulePackage.targets">
</Event><Event ErrorLevel="0" Project="Socios_MediaSearch" Source="BuildScripts\MSBuild.Community.Tasks.Targets" Description="File successfully backed up as C:\inetpub\wwwroot\Socios_Frontend\DesktopModules\Socios_MediaSearch\Backup\BuildScripts\MSBuild.Community.Tasks.Targets">
</Event><Event ErrorLevel="0" Project="Socios_MediaSearch" Source="Providers\DataProviders\SqlDataProvider\00.00.01.SqlDataProvider" Description="File successfully backed up as C:\inetpub\wwwroot\Socios_Frontend\DesktopModules\Socios_MediaSearch\Backup\Providers\DataProviders\SqlDataProvider\00.00.01.SqlDataProvider">
</Event><Event ErrorLevel="0" Project="Socios_MediaSearch" Source="Socios_MediaSearch.dnn" Description="File successfully backed up as C:\inetpub\wwwroot\Socios_Frontend\DesktopModules\Socios_MediaSearch\Backup\Socios_MediaSearch.dnn">
</Event><Event ErrorLevel="0" Project="Socios_MediaSearch" Source="Providers\DataProviders\SqlDataProvider\Uninstall.SqlDataProvider" Description="File successfully backed up as C:\inetpub\wwwroot\Socios_Frontend\DesktopModules\Socios_MediaSearch\Backup\Providers\DataProviders\SqlDataProvider\Uninstall.SqlDataProvider">
</Event><Event ErrorLevel="0" Project="Socios_MediaSearch" Source="module.css" Description="File successfully backed up as C:\inetpub\wwwroot\Socios_Frontend\DesktopModules\Socios_MediaSearch\Backup\module.css">
</Event><Event ErrorLevel="0" Project="Socios_MediaSearch" Source="Documentation\Documentation.css" Description="File successfully backed up as C:\inetpub\wwwroot\Socios_Frontend\DesktopModules\Socios_MediaSearch\Backup\Documentation\Documentation.css">
</Event><Event ErrorLevel="0" Project="Socios_MediaSearch" Source="Documentation\Documentation.html" Description="File successfully backed up as C:\inetpub\wwwroot\Socios_Frontend\DesktopModules\Socios_MediaSearch\Backup\Documentation\Documentation.html">
</Event><Event ErrorLevel="0" Project="Socios_MediaSearch" Source="Edit.ascx" Description="File successfully backed up as C:\inetpub\wwwroot\Socios_Frontend\DesktopModules\Socios_MediaSearch\Backup\Edit.ascx">
</Event><Event ErrorLevel="0" Project="Socios_MediaSearch" Source="Settings.ascx" Description="File successfully backed up as C:\inetpub\wwwroot\Socios_Frontend\DesktopModules\Socios_MediaSearch\Backup\Settings.ascx">
</Event><Event ErrorLevel="0" Project="Socios_MediaSearch" Source="View.ascx" Description="File successfully backed up as C:\inetpub\wwwroot\Socios_Frontend\DesktopModules\Socios_MediaSearch\Backup\View.ascx">
</Event><Event ErrorLevel="0" Project="Socios_MediaSearch" Source="Socios_MediaSearch.csproj" Description="Project converted successfully">
</Event><Event ErrorLevel="3" Project="Socios_MediaSearch" Source="Socios_MediaSearch.csproj" Description="Converted">
</Event><Event ErrorLevel="0" Project="" Source="Socios_MediaSearch.sln" Description="Solution converted successfully">
</Event><Event ErrorLevel="3" Project="" Source="Socios_MediaSearch.sln" Description="Converted">
</Event><Event ErrorLevel="0" Project="Socios_MediaSearch" Source="Socios_MediaSearch.csproj" Description="Scan complete: Upgrade not required for project files.">
</Event></UpgradeLog>