<?xml version="1.0" encoding="utf-8"?>
<GallerySettings xmlns:xsi="http://www.w3.org/2001/XMLSchema-instance" xmlns:xsd="http://www.w3.org/2001/XMLSchema">
  <GalleryID>6</GalleryID>
  <DisplayType>tablegallery</DisplayType>
  <LightboxType>facebook</LightboxType>
  <LightboxTitle>False</LightboxTitle>
  <LightboxOpacity>80</LightboxOpacity>
  <LightboxPadding>80</LightboxPadding>
  <LightBoxSSAP>False</LightBoxSSAP>
  <LightboxAnimationSpeed>normal</LightboxAnimationSpeed>
  <OverlayGallery>True</OverlayGallery>
  <IntegrateBlog>NE</IntegrateBlog>
  <LightBoxSlideShow>True</LightBoxSlideShow>
  <LightBoxSlideShowInterval>5000</LightBoxSlideShowInterval>
  <QueryString />
  <ShowTitle>True</ShowTitle>
  <ShowDescription>True</ShowDescription>
  <ShowMediaTitle>True</ShowMediaTitle>
  <ShowMediaDescription>False</ShowMediaDescription>
  <OpenMediaUrl>False</OpenMediaUrl>
  <NewWindow>False</NewWindow>
  <SmartCrop>False</SmartCrop>
  <ShowPanel>True</ShowPanel>
  <FilmStrip>True</FilmStrip>
  <FilmStripSize>5</FilmStripSize>
  <SSImageWidth>600</SSImageWidth>
  <SSImageHeight>300</SSImageHeight>
  <SSThumbImageWidth>80</SSThumbImageWidth>
  <SSThumbImageHeight>80</SSThumbImageHeight>
  <SliderTransition>4</SliderTransition>
  <SliderEffect>random</SliderEffect>
  <SSAutoSlide>False</SSAutoSlide>
  <SSAutoSlidePause>5000</SSAutoSlidePause>
  <SSAutoSlideRandom>NE</SSAutoSlideRandom>
  <SSAutoStartRandom>NE</SSAutoStartRandom>
  <SSCSSFile>EDGMain.css</SSCSSFile>
  <OverlayPosition>top</OverlayPosition>
  <OverlaySize>50</OverlaySize>
  <OverlayOpacity>50</OverlayOpacity>
  <OverlayTextColor>111111</OverlayTextColor>
  <OverlayColor>eeeeee</OverlayColor>
  <ThumbnailPosition>bottom</ThumbnailPosition>
  <SSTNProportionally>False</SSTNProportionally>
  <TransitionInterval>5000</TransitionInterval>
  <TransitionSpeed>800</TransitionSpeed>
  <BorderSize>False</BorderSize>
  <BorderColor>222222</BorderColor>
  <PagingVisible>False</PagingVisible>
  <TGColumns>3</TGColumns>
  <TGImageWidth>200</TGImageWidth>
  <TGImageHeight>150</TGImageHeight>
  <TGItemsPerPage>12</TGItemsPerPage>
  <TGCSSFile>EDG_7_round1.css</TGCSSFile>
  <DisplayNestedGalleries>False</DisplayNestedGalleries>
  <NGShowName>False</NGShowName>
  <NGThumbWidth>200</NGThumbWidth>
  <NGGalResizeProportionally>False</NGGalResizeProportionally>
  <NGColumns>2</NGColumns>
  <NGThumbHeight>200</NGThumbHeight>
  <NGShowdescription>False</NGShowdescription>
  <NestedCategory>1</NestedCategory>
  <NGGalleriesToShow>;</NGGalleriesToShow>
  <NGShowAllGalleries>False</NGShowAllGalleries>
  <TGSmartResize>True</TGSmartResize>
  <LightboxDescription>False</LightboxDescription>
  <VGColumns>10</VGColumns>
  <VGCSSFile>EDGMain.css</VGCSSFile>
  <VGSkin>black</VGSkin>
  <InfoButton>False</InfoButton>
  <PlayOnLoad>False</PlayOnLoad>
  <AllowFullscren>False</AllowFullscren>
  <FlashGalTheme>False</FlashGalTheme>
  <AudioPlayOnLoad>False</AudioPlayOnLoad>
</GallerySettings>