<?xml version="1.0" encoding="utf-8"?>
<GallerySettings xmlns:xsi="http://www.w3.org/2001/XMLSchema-instance" xmlns:xsd="http://www.w3.org/2001/XMLSchema">
  <GalleryID>1</GalleryID>
  <DisplayControl>LightBoxPortfolio.ascx</DisplayControl>
  <DisplayType>portfolio</DisplayType>
  <LightboxType>pp_default</LightboxType>
  <LightboxTitle>False</LightboxTitle>
  <LightboxOpacity>80</LightboxOpacity>
  <LightboxPadding>80</LightboxPadding>
  <LightBoxSSAP>False</LightBoxSSAP>
  <LightboxAnimationSpeed>fast</LightboxAnimationSpeed>
  <EbnableUserUpload>False</EbnableUserUpload>
  <RolesToUpload />
  <ShowEnterUrl>False</ShowEnterUrl>
  <PortfolioShowFullscreen>True</PortfolioShowFullscreen>
  <ApproveMedia>False</ApproveMedia>
  <ShowOnlyUpload>False</ShowOnlyUpload>
  <PortfolioFullscreenTheme>EDG_1_Darkgraybg.css</PortfolioFullscreenTheme>
  <PortfolioMenuType>dropdown</PortfolioMenuType>
  <PortfolioShowArrows>True</PortfolioShowArrows>
  <PortfolioAutoHideArrows>True</PortfolioAutoHideArrows>
  <PortfolioDisplayTitle>My galleries 2</PortfolioDisplayTitle>
  <OverlayGallery>False</OverlayGallery>
  <ProtfolioDDMFile>Black_Style.png</ProtfolioDDMFile>
  <PortfolioArrowFile>Black_Circle.png</PortfolioArrowFile>
  <IntegrateBlog>NE</IntegrateBlog>
  <UploadResize>False</UploadResize>
  <UploadResizeWidth>800</UploadResizeWidth>
  <UploadResizeHeight>600</UploadResizeHeight>
  <LightBoxSlideShow>False</LightBoxSlideShow>
  <LightBoxSlideShowInterval>5000</LightBoxSlideShowInterval>
  <QueryString />
  <ShowTitle>False</ShowTitle>
  <ShowDescription>False</ShowDescription>
  <ShowMediaTitle>False</ShowMediaTitle>
  <ShowMediaDescription>False</ShowMediaDescription>
  <IncludejQuery>True</IncludejQuery>
  <OverrideJquery>default</OverrideJquery>
  <OpenMediaUrl>False</OpenMediaUrl>
  <NewWindow>False</NewWindow>
  <RandomizeMedia>False</RandomizeMedia>
  <SmartCrop>False</SmartCrop>
  <ShowPanel>True</ShowPanel>
  <FilmStrip>True</FilmStrip>
  <FilmStripSize>5</FilmStripSize>
  <SSImageWidth>600</SSImageWidth>
  <SSImageHeight>300</SSImageHeight>
  <SSThumbImageWidth>80</SSThumbImageWidth>
  <SSThumbImageHeight>80</SSThumbImageHeight>
  <SSAutoSlide>False</SSAutoSlide>
  <SSAutoSlidePause>5000</SSAutoSlidePause>
  <SSAutoSlideRandom>NE</SSAutoSlideRandom>
  <SSAutoStartRandom>NE</SSAutoStartRandom>
  <SSCSSFile>EDGMain.css</SSCSSFile>
  <OverlaySize>50</OverlaySize>
  <OverlayOpacity>50</OverlayOpacity>
  <OverlayTextColor>111111</OverlayTextColor>
  <SSTNProportionally>False</SSTNProportionally>
  <TransitionInterval>5000</TransitionInterval>
  <TGColumns>4</TGColumns>
  <TGImageWidth>142</TGImageWidth>
  <TGImageHeight>150</TGImageHeight>
  <TGItemsPerPage>4</TGItemsPerPage>
  <TGCSSFile>EDG_7_round0.css</TGCSSFile>
  <PreloaderType>Fullscreen</PreloaderType>
  <DisplayNestedGalleries>True</DisplayNestedGalleries>
  <NGShowName>True</NGShowName>
  <NGThumbWidth>650</NGThumbWidth>
  <NGGalResizeProportionally>easeOutElastic</NGGalResizeProportionally>
  <NGColumns>2</NGColumns>
  <NGThumbHeight>170</NGThumbHeight>
  <NGShowdescription>False</NGShowdescription>
  <NestedCategory>1</NestedCategory>
  <NGGalleriesToShow>;6;7;8;</NGGalleriesToShow>
  <NGShowAllGalleries>False</NGShowAllGalleries>
  <NGCategoryItems>2500</NGCategoryItems>
  <TGSmartResize>True</TGSmartResize>
  <LightboxDescription>False</LightboxDescription>
  <VGColumns>10</VGColumns>
  <VGCSSFile>EDGMain.css</VGCSSFile>
  <VGSkin>black</VGSkin>
  <InfoButton>False</InfoButton>
  <PlayOnLoad>False</PlayOnLoad>
  <AllowFullscren>False</AllowFullscren>
  <FlashGalTheme>False</FlashGalTheme>
  <AudioPlayOnLoad>False</AudioPlayOnLoad>
  <TooltipPosition>bottomMiddle</TooltipPosition>
  <TargetPosition>topMiddle</TargetPosition>
  <ShowEffect>fade</ShowEffect>
  <ShowEffectDuration>500</ShowEffectDuration>
  <HideEffect>fade</HideEffect>
  <HideEffectDuration>500</HideEffectDuration>
  <TooltipBorder>5</TooltipBorder>
  <TooltipRadius>5</TooltipRadius>
  <TooltipTheme>cream</TooltipTheme>
  <Version>30800</Version>
  <MediaSorting>Position</MediaSorting>
  <MediaSortingAscType>ASC</MediaSortingAscType>
  <UseFlowPlayer>False</UseFlowPlayer>
  <ShowToolTips>True</ShowToolTips>
</GallerySettings>