<?xml version="1.0" encoding="utf-8"?>
<GallerySettings xmlns:xsi="http://www.w3.org/2001/XMLSchema-instance" xmlns:xsd="http://www.w3.org/2001/XMLSchema">
  <GalleryID>24</GalleryID>
  <DisplayControl>Lightbox2.ascx</DisplayControl>
  <DisplayType>tablegallery</DisplayType>
  <LightboxType>light_rounded</LightboxType>
  <LightboxTitle>False</LightboxTitle>
  <LightboxOpacity>80</LightboxOpacity>
  <LightboxPadding>80</LightboxPadding>
  <LightBoxSSAP>False</LightBoxSSAP>
  <LightboxAnimationSpeed>fast</LightboxAnimationSpeed>
  <OverlayGallery>False</OverlayGallery>
  <IntegrateBlog>NE</IntegrateBlog>
  <LightBoxSlideShow>False</LightBoxSlideShow>
  <LightBoxSlideShowInterval>5000</LightBoxSlideShowInterval>
  <QueryString />
  <ShowTitle>True</ShowTitle>
  <ShowDescription>False</ShowDescription>
  <ShowMediaTitle>True</ShowMediaTitle>
  <ShowMediaDescription>True</ShowMediaDescription>
  <OpenMediaUrl>False</OpenMediaUrl>
  <NewWindow>True</NewWindow>
  <SmartCrop>False</SmartCrop>
  <ShowPanel>True</ShowPanel>
  <FilmStrip>True</FilmStrip>
  <FilmStripSize>5</FilmStripSize>
  <SSImageWidth>600</SSImageWidth>
  <SSImageHeight>300</SSImageHeight>
  <SSThumbImageWidth>80</SSThumbImageWidth>
  <SSThumbImageHeight>80</SSThumbImageHeight>
  <SliderTransition>3</SliderTransition>
  <SSAutoSlide>True</SSAutoSlide>
  <SSAutoSlidePause>5000</SSAutoSlidePause>
  <SSAutoSlideRandom>NE</SSAutoSlideRandom>
  <SSAutoStartRandom>NE</SSAutoStartRandom>
  <SSCSSFile>EDGMain.css</SSCSSFile>
  <OverlaySize>50</OverlaySize>
  <OverlayOpacity>50</OverlayOpacity>
  <OverlayTextColor>111111</OverlayTextColor>
  <SSTNProportionally>True</SSTNProportionally>
  <TransitionInterval>5000</TransitionInterval>
  <PagingVisible>True</PagingVisible>
  <TGColumns>2</TGColumns>
  <TGImageWidth>200</TGImageWidth>
  <TGImageHeight>150</TGImageHeight>
  <TGItemsPerPage>8</TGItemsPerPage>
  <TGCSSFile>EDG_7_round_dark_thin.css</TGCSSFile>
  <PreloaderType>Fullscreen</PreloaderType>
  <DisplayNestedGalleries>True</DisplayNestedGalleries>
  <NGShowName>True</NGShowName>
  <NGThumbWidth>220</NGThumbWidth>
  <NGGalResizeProportionally>False</NGGalResizeProportionally>
  <NGColumns>2</NGColumns>
  <NGThumbHeight>200</NGThumbHeight>
  <NGShowdescription>True</NGShowdescription>
  <NestedCategory>5</NestedCategory>
  <NGGalleriesToShow>;36;35;24;25;</NGGalleriesToShow>
  <NGShowAllGalleries>False</NGShowAllGalleries>
  <TGSmartResize>True</TGSmartResize>
  <LightboxDescription>False</LightboxDescription>
  <VGColumns>10</VGColumns>
  <VGCSSFile>EDGMain.css</VGCSSFile>
  <VGSkin>black</VGSkin>
  <InfoButton>False</InfoButton>
  <PlayOnLoad>False</PlayOnLoad>
  <AllowFullscren>False</AllowFullscren>
  <FlashGalTheme>False</FlashGalTheme>
  <AudioPlayOnLoad>False</AudioPlayOnLoad>
</GallerySettings>