<?xml version="1.0" encoding="utf-8"?>
<GallerySettings xmlns:xsi="http://www.w3.org/2001/XMLSchema-instance" xmlns:xsd="http://www.w3.org/2001/XMLSchema">
  <GalleryID>6</GalleryID>
  <DisplayControl>SSThumbnails30_1.ascx</DisplayControl>
  <CategoryID>1</CategoryID>
  <DisplayType>ssthumbs3</DisplayType>
  <LightboxType>light_rounded</LightboxType>
  <LightboxTitle>False</LightboxTitle>
  <LightboxOpacity>80</LightboxOpacity>
  <LightboxPadding>80</LightboxPadding>
  <OverlayGallery>False</OverlayGallery>
  <IntegrateBlog>NE</IntegrateBlog>
  <LightBoxSlideShow>False</LightBoxSlideShow>
  <LightBoxSlideShowInterval>5000</LightBoxSlideShowInterval>
  <QueryString />
  <ShowTitle>False</ShowTitle>
  <ShowDescription>False</ShowDescription>
  <ShowMediaTitle>False</ShowMediaTitle>
  <ShowMediaDescription>False</ShowMediaDescription>
  <OpenMediaUrl>False</OpenMediaUrl>
  <NewWindow>False</NewWindow>
  <SmartCrop>True</SmartCrop>
  <ShowPanel>True</ShowPanel>
  <FilmStrip>True</FilmStrip>
  <FilmStripSize>5</FilmStripSize>
  <SSImageWidth>600</SSImageWidth>
  <SSImageHeight>400</SSImageHeight>
  <SSThumbImageWidth>80</SSThumbImageWidth>
  <SSThumbImageHeight>80</SSThumbImageHeight>
  <SliderTransition>4</SliderTransition>
  <SliderEffect>slide</SliderEffect>
  <SSAutoSlide>5000</SSAutoSlide>
  <SSAutoSlidePause>1500</SSAutoSlidePause>
  <SSAutoSlideRandom>NE</SSAutoSlideRandom>
  <SSAutoStartRandom>NE</SSAutoStartRandom>
  <SSCSSFile>EDG_0_Shadow.css</SSCSSFile>
  <OverlaySize>50</OverlaySize>
  <OverlayOpacity>50</OverlayOpacity>
  <OverlayTextColor>111111</OverlayTextColor>
  <SSTNProportionally>False</SSTNProportionally>
  <TransitionInterval>5000</TransitionInterval>
  <BorderColor>000000</BorderColor>
  <PagingVisible>False</PagingVisible>
  <TGColumns>4</TGColumns>
  <TGImageWidth>150</TGImageWidth>
  <TGImageHeight>150</TGImageHeight>
  <TGItemsPerPage>4</TGItemsPerPage>
  <TGCSSFile>EDGMain.css</TGCSSFile>
  <LightboxDescription>False</LightboxDescription>
  <VGColumns>10</VGColumns>
  <VGCSSFile>EDGMain.css</VGCSSFile>
  <StartPhoto>dots</StartPhoto>
  <AllowFullscren>True</AllowFullscren>
  <Embed>False</Embed>
  <GenerateLink>False</GenerateLink>
  <MainGallery>False</MainGallery>
  <ShowCategory>False</ShowCategory>
  <FlashGalTheme>gallery_white.swf</FlashGalTheme>
</GallerySettings>